age,sex,chest pain type,resting bp s,cholesterol,fasting blood sugar,resting ecg,max heart rate,exercise angina,oldpeak,ST slope,target
28,1,4,0,0,1,0,60,1,-2.6,1,1
77,0,4,200,603,1,1,202,1,6.2,1,0
59,1,4,120,331,1,0,175,0,1.8,2,0
40,1,4,134,258,0,2,148,0,1.3,0,1
49,1,2,142,145,0,0,167,0,0.9,2,1
68,1,4,142,36,0,0,93,0,-1.1,2,0
32,1,3,142,168,0,2,127,0,-0.2,1,0
51,1,4,140,134,1,0,122,1,0.7,2,0
64,1,4,133,245,1,0,137,0,0.7,2,1
46,1,4,143,108,0,0,202,0,-0.7,2,1
48,0,4,136,168,0,0,148,1,-0.1,2,0
53,1,2,145,190,0,1,129,0,0.4,2,0
66,1,4,145,64,0,0,158,0,2.1,1,1
48,1,2,145,157,0,2,145,0,2.8,1,1
51,0,2,149,388,0,2,101,1,1.2,2,0
51,1,3,129,309,0,2,159,1,1.7,1,1
74,1,4,143,204,1,0,192,1,1.3,2,1
71,0,4,123,186,0,0,145,1,0.0,1,1
62,1,2,112,41,0,0,137,0,0.8,2,1
57,1,2,137,105,0,0,98,1,2.4,1,0
60,1,2,142,46,0,1,189,1,0.5,0,1
66,0,4,114,148,0,0,141,0,-0.3,2,1
46,1,4,145,339,0,1,136,0,0.3,1,0
63,1,4,106,123,0,0,108,1,1.4,2,0
43,1,2,140,127,0,0,145,1,0.6,1,0
48,1,2,132,172,0,1,108,0,0.5,2,1
62,1,4,121,394,1,0,138,1,0.6,2,0
41,1,2,138,373,0,0,148,0,-1.5,1,1
53,1,2,99,314,0,0,153,0,-0.6,1,1
46,1,2,119,279,0,0,153,1,1.1,1,0
52,1,4,120,5,0,0,184,1,1.5,2,0
28,0,2,145,216,0,0,105,1,0.8,1,0
38,1,3,146,249,0,2,124,0,0.5,2,1
48,1,4,142,335,0,0,116,0,-0.1,1,1
62,1,4,147,376,0,0,111,1,1.1,2,1
53,1,4,140,359,1,0,175,1,0.3,1,0
53,0,4,119,286,0,0,127,0,1.5,1,0
59,1,4,145,145,0,2,146,0,0.5,1,0
46,1,2,154,293,0,0,120,0,1.1,2,1
56,1,4,153,356,0,1,136,0,0.8,1,0
47,0,2,122,207,0,2,138,1,-0.6,2,1
38,1,4,134,97,0,0,190,0,1.5,2,1
50,1,2,150,180,0,2,178,1,1.4,2,1
59,1,4,139,112,0,0,94,0,1.1,2,0
57,1,4,121,139,0,0,130,0,2.1,1,0
54,1,4,96,282,0,2,146,1,1.4,2,1
72,1,4,143,7,0,2,110,0,-1.1,1,0
57,1,4,121,203,0,1,106,1,2.0,1,1
62,0,4,146,161,1,0,124,1,1.8,1,1
71,1,2,124,221,0,0,140,1,0.5,1,0
42,0,4,133,169,0,2,127,0,0.7,2,1
45,1,4,135,133,0,2,138,0,0.6,2,0
68,1,4,139,169,0,2,172,1,2.9,3,1
47,1,2,142,231,0,1,172,0,1.4,2,1
56,1,4,149,207,0,0,137,0,0.6,2,0
63,1,4,142,278,0,0,141,0,2.1,2,0
61,0,4,143,209,0,1,158,0,2.5,2,0
68,1,4,116,211,1,0,125,0,-0.5,1,0
66,1,3,132,332,1,2,131,0,2.2,2,1
62,1,4,129,201,0,1,138,0,1.7,1,0
47,1,4,153,301,1,2,141,1,0.5,2,1
60,0,1,141,105,0,0,136,1,2.4,1,0
57,0,3,149,193,0,0,140,0,1.6,2,0
42,1,3,140,325,1,1,137,0,0.7,3,1
65,1,2,106,214,0,0,155,1,1.9,1,0
61,0,3,146,221,0,0,154,1,-0.6,1,1
55,1,2,139,229,1,1,141,0,0.7,3,1
52,1,2,133,111,0,0,103,1,0.7,2,1
43,1,3,78,205,0,0,117,0,0.8,2,0
56,0,2,147,110,0,0,93,0,0.6,2,1
58,1,3,140,264,1,1,119,1,1.4,2,0
47,1,2,133,0,0,0,177,0,0.2,1,0
64,1,2,141,116,0,0,161,1,1.4,3,1
44,1,4,121,182,1,0,165,0,0.5,2,1
35,0,3,114,300,0,0,202,1,1.0,2,1
62,1,2,131,63,0,1,127,0,1.3,2,1
51,1,2,143,317,0,0,154,0,0.5,2,0
53,1,2,140,227,0,2,180,1,0.9,2,0
47,1,4,123,136,0,0,166,0,-0.6,1,1
39,1,4,134,439,0,0,151,0,-0.3,2,1
64,0,4,115,254,0,0,134,0,1.8,3,0
48,1,3,116,170,0,0,141,1,0.1,2,0
68,1,3,134,188,1,0,110,0,0.8,1,1
61,0,4,137,134,1,2,136,1,-1.5,2,0
51,1,4,142,323,0,0,118,0,1.7,2,0
44,1,3,153,175,1,0,143,1,0.2,2,1
47,1,4,145,190,0,0,138,0,1.2,1,1
43,1,4,121,190,0,0,184,0,0.4,2,1
77,0,2,133,360,0,0,173,0,1.5,1,0
56,0,4,121,347,0,0,141,1,-0.8,1,0
63,0,4,141,124,1,0,123,0,2.3,1,0
42,1,2,113,278,0,0,115,1,2.4,0,0
56,1,1,118,138,1,2,149,1,2.7,2,0
63,1,4,124,212,0,0,135,0,2.8,1,1
51,1,4,145,238,1,2,145,1,1.5,2,1
63,1,2,142,145,1,2,129,1,1.9,2,0
44,0,3,130,256,0,2,121,0,-0.7,2,1
42,0,4,143,353,0,2,193,0,0.7,2,1
57,0,2,148,323,0,2,122,0,2.1,2,1
51,1,3,151,270,0,2,176,0,1.7,2,1
59,1,4,119,318,0,0,198,0,0.9,3,0
36,1,4,142,0,0,0,150,0,1.2,2,0
60,1,4,136,225,0,1,131,1,-0.1,1,0
76,1,4,153,185,0,0,132,0,1.3,2,0
53,1,4,88,182,0,0,117,1,0.4,2,1
54,0,4,146,294,0,2,109,0,2.8,1,1
56,1,4,121,209,0,0,137,0,1.4,1,0
35,1,4,115,134,1,2,175,1,-0.0,2,0
57,0,4,147,190,0,0,165,1,2.2,2,1
39,1,4,144,230,0,0,145,0,1.7,2,0
52,1,4,127,138,0,0,124,0,2.6,1,0
64,1,3,119,354,0,0,159,0,0.3,2,1
47,1,2,144,177,0,2,162,0,1.4,2,1
58,0,2,114,390,0,0,134,0,1.6,1,1
62,1,4,129,385,0,0,164,0,2.3,2,0
57,1,4,100,319,0,0,130,0,1.0,1,0
41,1,4,141,296,1,0,100,1,-0.4,1,1
51,1,4,133,414,0,2,120,1,-0.8,1,0
68,1,3,152,242,0,1,119,1,2.0,2,0
36,1,4,115,57,0,1,95,1,1.2,2,1
52,1,4,118,197,0,0,136,0,2.1,1,0
49,0,4,137,352,0,2,162,0,0.3,2,0
55,1,2,144,271,0,0,120,0,-0.9,2,1
60,1,4,146,143,1,0,106,0,-0.1,2,1
67,1,2,142,345,1,0,140,0,-0.8,2,0
52,1,4,141,77,0,0,115,0,-0.6,2,1
60,1,4,151,232,0,0,168,0,1.2,1,1
58,1,3,133,32,0,2,118,1,0.6,2,1
58,0,4,139,0,0,0,136,0,0.1,1,0
49,1,4,148,140,1,2,150,0,1.5,2,1
45,1,1,141,0,0,0,145,0,-1.0,2,1
44,1,2,135,128,1,1,100,0,0.0,1,1
47,0,3,144,129,0,0,141,0,-0.2,1,0
57,1,4,141,235,0,1,146,1,1.3,1,0
60,1,2,133,313,1,0,167,0,-0.8,3,1
57,1,3,121,138,0,0,194,0,-0.5,1,0
49,1,2,147,321,0,1,156,1,-1.1,1,1
69,1,4,142,388,0,2,128,1,0.8,1,1
67,0,4,140,140,0,0,69,1,1.4,2,0
51,0,4,129,131,0,1,127,0,1.2,2,1
47,1,2,87,269,0,0,102,1,1.4,1,1
55,1,2,133,146,0,2,159,0,0.1,2,1
64,1,4,137,181,0,0,146,0,2.0,2,1
57,1,2,113,258,0,2,135,1,0.5,2,1
58,0,1,107,122,0,1,131,0,0.5,1,0
52,1,4,146,280,1,2,136,0,1.1,2,0
58,1,4,100,113,1,1,100,0,0.1,1,1
67,1,4,99,181,0,2,91,0,1.8,3,1
52,1,3,153,82,0,2,151,0,0.1,2,1
55,0,4,135,4,0,2,159,1,2.0,2,0
56,0,2,145,273,0,0,156,0,2.0,2,0
56,0,4,126,135,0,0,107,0,0.6,2,0
41,0,2,147,132,0,0,140,1,1.3,2,0
37,1,4,125,281,0,0,167,1,1.5,2,0
45,1,2,141,229,0,1,89,1,1.5,2,1
56,1,4,144,196,1,1,111,1,1.6,2,1
59,1,2,121,182,0,1,155,0,1.9,1,1
50,0,3,124,310,0,0,146,0,-1.0,1,1
65,1,2,94,122,0,1,162,0,1.0,2,0
53,1,4,144,282,1,2,150,0,-0.9,1,1
54,1,1,132,182,0,2,146,0,1.5,1,0
53,1,2,119,399,0,0,122,1,2.9,2,0
55,0,4,126,240,1,1,150,1,0.4,1,0
60,1,4,134,263,0,2,130,0,0.7,1,0
59,1,4,104,284,0,0,136,0,1.9,2,1
46,0,4,125,168,0,2,154,0,-0.3,1,1
67,1,3,147,246,0,2,146,1,1.2,1,1
44,1,4,149,195,0,2,150,1,1.6,2,1
54,1,4,128,90,0,0,141,0,0.6,2,1
52,0,4,126,138,0,0,151,0,0.5,3,0
45,0,4,130,197,0,0,138,0,0.1,2,0
52,1,4,124,280,0,0,114,1,2.7,2,1
47,1,2,149,147,1,0,194,0,1.7,2,1
54,0,4,98,233,0,2,167,1,2.4,3,0
57,1,2,138,319,0,1,139,0,1.9,1,0
66,1,4,136,261,1,2,169,0,0.8,0,0
57,0,2,140,101,0,0,92,0,-0.8,1,0
49,1,2,131,222,1,0,117,1,0.7,2,0
51,1,2,147,225,0,1,125,0,1.7,2,0
55,1,2,116,207,0,0,144,0,-0.3,2,0
54,1,4,121,177,0,2,151,0,1.2,1,1
66,1,4,142,164,0,0,121,1,0.5,1,1
65,0,4,155,233,0,0,106,1,1.0,1,0
51,1,3,113,251,0,1,155,0,1.6,1,1
49,0,4,101,152,0,2,158,0,1.0,2,1
31,0,2,128,149,0,0,150,0,-0.5,2,1
49,1,4,152,265,0,0,112,0,2.3,1,0
46,1,4,151,429,1,0,149,0,2.5,2,1
51,1,3,142,326,0,2,145,0,0.4,2,0
57,1,4,134,139,0,0,131,0,1.7,1,1
55,1,3,142,344,1,2,128,1,0.4,1,1
53,1,4,135,114,0,1,138,1,-0.2,2,1
55,1,2,114,189,0,2,146,1,2.3,1,1
53,1,2,121,60,0,0,179,0,0.5,2,1
54,1,3,149,146,1,2,113,1,0.6,1,0
28,1,4,121,374,0,0,141,1,1.9,1,1
52,1,4,154,99,0,0,140,0,0.5,2,1
53,0,4,132,161,0,2,136,1,1.4,1,0
51,1,4,139,215,0,0,162,0,2.2,2,1
52,1,4,100,209,1,0,129,1,1.3,2,1
